explainability_type,target_variable,feature_name,spearman_correlation,abs_spearman_correlation,interpretation,source
State-feature Spearman correlation,dt_base_cost,dt_cost_graph_pressure,0.955753310474957,0.955753310474957,strong_positive,Step 20 actual digital-twin state dataset
State-feature Spearman correlation,dt_base_cost,dt_freight_pressure,0.9190201127359459,0.9190201127359459,strong_positive,Step 20 actual digital-twin state dataset
State-feature Spearman correlation,dt_base_cost,dt_distance_pressure,0.848100340227971,0.848100340227971,strong_positive,Step 20 actual digital-twin state dataset
State-feature Spearman correlation,dt_base_cost,dt_cost_sensitivity,0.8107258642229153,0.8107258642229153,strong_positive,Step 20 actual digital-twin state dataset
State-feature Spearman correlation,dt_base_cost,dt_profit_proxy,-0.7450495722651929,0.7450495722651929,strong_negative,Step 20 actual digital-twin state dataset
State-feature Spearman correlation,dt_base_cost,dt_structural_exposure,-0.6487081450864306,0.6487081450864306,moderate_negative,Step 20 actual digital-twin state dataset
State-feature Spearman correlation,dt_base_cost,dt_base_delay,0.5662268328823881,0.5662268328823881,moderate_positive,Step 20 actual digital-twin state dataset
State-feature Spearman correlation,dt_base_cost,dt_risk_delay_pressure,0.519706414532195,0.519706414532195,moderate_positive,Step 20 actual digital-twin state dataset
State-feature Spearman correlation,dt_base_cost,dt_coordination_opportunity,-0.49695916224133013,0.49695916224133013,moderate_negative,Step 20 actual digital-twin state dataset
State-feature Spearman correlation,dt_base_cost,dt_state_pressure_index,0.48440395485888577,0.48440395485888577,moderate_positive,Step 20 actual digital-twin state dataset
State-feature Spearman correlation,dt_base_cost,dt_base_resilience,0.46344452123534624,0.46344452123534624,moderate_positive,Step 20 actual digital-twin state dataset
State-feature Spearman correlation,dt_base_cost,dt_resilience_gap,-0.46344452123534624,0.46344452123534624,moderate_negative,Step 20 actual digital-twin state dataset
State-feature Spearman correlation,dt_base_cost,dt_low_pressure_flag,-0.461819499095123,0.461819499095123,moderate_negative,Step 20 actual digital-twin state dataset
State-feature Spearman correlation,dt_base_cost,dt_base_risk,0.39898405684203825,0.39898405684203825,weak_positive,Step 20 actual digital-twin state dataset
State-feature Spearman correlation,dt_base_cost,dt_high_pressure_flag,0.32834986391677273,0.32834986391677273,weak_positive,Step 20 actual digital-twin state dataset
State-feature Spearman correlation,dt_base_cost,dt_value_pressure,0.32028069261298003,0.32028069261298003,weak_positive,Step 20 actual digital-twin state dataset
State-feature Spearman correlation,dt_base_cost,dt_resilience_pressure,-0.3151466560873757,0.3151466560873757,weak_negative,Step 20 actual digital-twin state dataset
State-feature Spearman correlation,dt_base_cost,dt_entity_graph_risk,0.28310593123567307,0.28310593123567307,weak_positive,Step 20 actual digital-twin state dataset
State-feature Spearman correlation,dt_base_cost,dt_payment_pressure,0.263337348143468,0.263337348143468,weak_positive,Step 20 actual digital-twin state dataset
State-feature Spearman correlation,dt_base_cost,dt_graph_context,-0.2548319683308708,0.2548319683308708,weak_negative,Step 20 actual digital-twin state dataset
State-feature Spearman correlation,dt_base_cost,dt_route_pressure,0.20471144750298081,0.20471144750298081,weak_positive,Step 20 actual digital-twin state dataset
State-feature Spearman correlation,dt_base_cost,dt_delay_service_graph,0.11548000702177783,0.11548000702177783,very_weak_positive,Step 20 actual digital-twin state dataset
State-feature Spearman correlation,dt_base_cost,dt_base_service,-0.09497863308749754,0.09497863308749754,very_weak_negative,Step 20 actual digital-twin state dataset
State-feature Spearman correlation,dt_base_cost,dt_service_gap,0.09497863308205358,0.09497863308205358,very_weak_positive,Step 20 actual digital-twin state dataset
State-feature Spearman correlation,dt_base_cost,dt_service_pressure,0.06397557901701666,0.06397557901701666,very_weak_positive,Step 20 actual digital-twin state dataset
State-feature Spearman correlation,dt_base_cost,dt_delivery_pressure,0.05588741025220436,0.05588741025220436,very_weak_positive,Step 20 actual digital-twin state dataset
State-feature Spearman correlation,dt_base_cost,dt_demand_pressure,-0.047459767206581654,0.047459767206581654,very_weak_negative,Step 20 actual digital-twin state dataset
State-feature Spearman correlation,dt_base_cost,dt_seller_pressure,-0.01882315432635077,0.01882315432635077,very_weak_negative,Step 20 actual digital-twin state dataset
State-feature Spearman correlation,dt_base_cost,dt_order_complexity,-0.01599323331110599,0.01599323331110599,very_weak_negative,Step 20 actual digital-twin state dataset
State-feature Spearman correlation,dt_base_cost,dt_status_pressure,0.006357624025643517,0.006357624025643517,very_weak_positive,Step 20 actual digital-twin state dataset
State-feature Spearman correlation,dt_base_delay,dt_risk_delay_pressure,0.8787862862529978,0.8787862862529978,strong_positive,Step 20 actual digital-twin state dataset
State-feature Spearman correlation,dt_base_delay,dt_state_pressure_index,0.717044976325804,0.717044976325804,strong_positive,Step 20 actual digital-twin state dataset
State-feature Spearman correlation,dt_base_delay,dt_distance_pressure,0.6710186615715812,0.6710186615715812,moderate_positive,Step 20 actual digital-twin state dataset
State-feature Spearman correlation,dt_base_delay,dt_profit_proxy,-0.6420737169602123,0.6420737169602123,moderate_negative,Step 20 actual digital-twin state dataset
State-feature Spearman correlation,dt_base_delay,dt_base_risk,0.6378716762802118,0.6378716762802118,moderate_positive,Step 20 actual digital-twin state dataset
State-feature Spearman correlation,dt_base_delay,dt_low_pressure_flag,-0.612076009880009,0.612076009880009,moderate_negative,Step 20 actual digital-twin state dataset
State-feature Spearman correlation,dt_base_delay,dt_base_cost,0.5662268328823881,0.5662268328823881,moderate_positive,Step 20 actual digital-twin state dataset
State-feature Spearman correlation,dt_base_delay,dt_demand_pressure,0.5198303644438464,0.5198303644438464,moderate_positive,Step 20 actual digital-twin state dataset
State-feature Spearman correlation,dt_base_delay,dt_high_pressure_flag,0.5172171003319285,0.5172171003319285,moderate_positive,Step 20 actual digital-twin state dataset
State-feature Spearman correlation,dt_base_delay,dt_cost_graph_pressure,0.5166537970736668,0.5166537970736668,moderate_positive,Step 20 actual digital-twin state dataset
State-feature Spearman correlation,dt_base_delay,dt_freight_pressure,0.5124406529336593,0.5124406529336593,moderate_positive,Step 20 actual digital-twin state dataset
State-feature Spearman correlation,dt_base_delay,dt_entity_graph_risk,0.5028736115562153,0.5028736115562153,moderate_positive,Step 20 actual digital-twin state dataset
State-feature Spearman correlation,dt_base_delay,dt_delivery_pressure,0.42813449689257976,0.42813449689257976,moderate_positive,Step 20 actual digital-twin state dataset
State-feature Spearman correlation,dt_base_delay,dt_structural_exposure,-0.39210198422830683,0.39210198422830683,weak_negative,Step 20 actual digital-twin state dataset
State-feature Spearman correlation,dt_base_delay,dt_delay_service_graph,0.3522923589246697,0.3522923589246697,weak_positive,Step 20 actual digital-twin state dataset
State-feature Spearman correlation,dt_base_delay,dt_base_service,-0.34541304079686286,0.34541304079686286,weak_negative,Step 20 actual digital-twin state dataset
State-feature Spearman correlation,dt_base_delay,dt_service_gap,0.34541304067181555,0.34541304067181555,weak_positive,Step 20 actual digital-twin state dataset
State-feature Spearman correlation,dt_base_delay,dt_cost_sensitivity,0.33847560097256907,0.33847560097256907,weak_positive,Step 20 actual digital-twin state dataset
State-feature Spearman correlation,dt_base_delay,dt_route_pressure,0.3364096929446488,0.3364096929446488,weak_positive,Step 20 actual digital-twin state dataset
State-feature Spearman correlation,dt_base_delay,dt_status_pressure,0.24574337071815286,0.24574337071815286,weak_positive,Step 20 actual digital-twin state dataset
State-feature Spearman correlation,dt_base_delay,dt_service_pressure,0.21582488890261933,0.21582488890261933,weak_positive,Step 20 actual digital-twin state dataset
State-feature Spearman correlation,dt_base_delay,dt_seller_pressure,0.19645166683837786,0.19645166683837786,very_weak_positive,Step 20 actual digital-twin state dataset
State-feature Spearman correlation,dt_base_delay,dt_value_pressure,0.13239750023607638,0.13239750023607638,very_weak_positive,Step 20 actual digital-twin state dataset
State-feature Spearman correlation,dt_base_delay,dt_base_resilience,-0.10181395424832562,0.10181395424832562,very_weak_negative,Step 20 actual digital-twin state dataset
State-feature Spearman correlation,dt_base_delay,dt_resilience_gap,0.10181395424832562,0.10181395424832562,very_weak_positive,Step 20 actual digital-twin state dataset
State-feature Spearman correlation,dt_base_delay,dt_coordination_opportunity,-0.09963775835436714,0.09963775835436714,very_weak_negative,Step 20 actual digital-twin state dataset
State-feature Spearman correlation,dt_base_delay,dt_payment_pressure,0.0640165013585221,0.0640165013585221,very_weak_positive,Step 20 actual digital-twin state dataset
State-feature Spearman correlation,dt_base_delay,dt_resilience_pressure,0.03167310836592743,0.03167310836592743,very_weak_positive,Step 20 actual digital-twin state dataset
State-feature Spearman correlation,dt_base_delay,dt_graph_context,-0.028477913863018203,0.028477913863018203,very_weak_negative,Step 20 actual digital-twin state dataset
State-feature Spearman correlation,dt_base_delay,dt_order_complexity,0.012984708583700247,0.012984708583700247,very_weak_positive,Step 20 actual digital-twin state dataset
State-feature Spearman correlation,dt_base_resilience,dt_resilience_gap,-1.0,1.0,strong_negative,Step 20 actual digital-twin state dataset
State-feature Spearman correlation,dt_base_resilience,dt_coordination_opportunity,-0.9344628903213821,0.9344628903213821,strong_negative,Step 20 actual digital-twin state dataset
State-feature Spearman correlation,dt_base_resilience,dt_structural_exposure,-0.7793900419911717,0.7793900419911717,strong_negative,Step 20 actual digital-twin state dataset
State-feature Spearman correlation,dt_base_resilience,dt_graph_context,-0.773666296010949,0.773666296010949,strong_negative,Step 20 actual digital-twin state dataset
State-feature Spearman correlation,dt_base_resilience,dt_resilience_pressure,-0.7537905186597422,0.7537905186597422,strong_negative,Step 20 actual digital-twin state dataset
State-feature Spearman correlation,dt_base_resilience,dt_demand_pressure,-0.5435659347388253,0.5435659347388253,moderate_negative,Step 20 actual digital-twin state dataset
State-feature Spearman correlation,dt_base_resilience,dt_distance_pressure,0.48471909931343965,0.48471909931343965,moderate_positive,Step 20 actual digital-twin state dataset
State-feature Spearman correlation,dt_base_resilience,dt_base_cost,0.46344452123534624,0.46344452123534624,moderate_positive,Step 20 actual digital-twin state dataset
State-feature Spearman correlation,dt_base_resilience,dt_cost_graph_pressure,0.44097461415103106,0.44097461415103106,moderate_positive,Step 20 actual digital-twin state dataset
State-feature Spearman correlation,dt_base_resilience,dt_freight_pressure,0.4249205425123474,0.4249205425123474,moderate_positive,Step 20 actual digital-twin state dataset
State-feature Spearman correlation,dt_base_resilience,dt_cost_sensitivity,0.4081329012726807,0.4081329012726807,moderate_positive,Step 20 actual digital-twin state dataset
State-feature Spearman correlation,dt_base_resilience,dt_base_service,0.35226135822783045,0.35226135822783045,weak_positive,Step 20 actual digital-twin state dataset
State-feature Spearman correlation,dt_base_resilience,dt_service_gap,-0.352261358219897,0.352261358219897,weak_negative,Step 20 actual digital-twin state dataset
State-feature Spearman correlation,dt_base_resilience,dt_state_pressure_index,-0.32627975718663316,0.32627975718663316,weak_negative,Step 20 actual digital-twin state dataset
State-feature Spearman correlation,dt_base_resilience,dt_seller_pressure,-0.32026544134288965,0.32026544134288965,weak_negative,Step 20 actual digital-twin state dataset
State-feature Spearman correlation,dt_base_resilience,dt_service_pressure,-0.2934351169933588,0.2934351169933588,weak_negative,Step 20 actual digital-twin state dataset
State-feature Spearman correlation,dt_base_resilience,dt_base_risk,-0.29281816729602295,0.29281816729602295,weak_negative,Step 20 actual digital-twin state dataset
State-feature Spearman correlation,dt_base_resilience,dt_high_pressure_flag,-0.2834460099246768,0.2834460099246768,weak_negative,Step 20 actual digital-twin state dataset
State-feature Spearman correlation,dt_base_resilience,dt_delay_service_graph,-0.2602553578007115,0.2602553578007115,weak_negative,Step 20 actual digital-twin state dataset
State-feature Spearman correlation,dt_base_resilience,dt_delivery_pressure,-0.2522663419245064,0.2522663419245064,weak_negative,Step 20 actual digital-twin state dataset
State-feature Spearman correlation,dt_base_resilience,dt_risk_delay_pressure,-0.22156223407138192,0.22156223407138192,weak_negative,Step 20 actual digital-twin state dataset
State-feature Spearman correlation,dt_base_resilience,dt_entity_graph_risk,-0.2147965322761192,0.2147965322761192,weak_negative,Step 20 actual digital-twin state dataset
State-feature Spearman correlation,dt_base_resilience,dt_low_pressure_flag,0.20422731550076023,0.20422731550076023,weak_positive,Step 20 actual digital-twin state dataset
State-feature Spearman correlation,dt_base_resilience,dt_status_pressure,-0.1426220523450979,0.1426220523450979,very_weak_negative,Step 20 actual digital-twin state dataset
State-feature Spearman correlation,dt_base_resilience,dt_value_pressure,0.1241178980245308,0.1241178980245308,very_weak_positive,Step 20 actual digital-twin state dataset
State-feature Spearman correlation,dt_base_resilience,dt_base_delay,-0.10181395424832562,0.10181395424832562,very_weak_negative,Step 20 actual digital-twin state dataset
State-feature Spearman correlation,dt_base_resilience,dt_order_complexity,-0.08954994253048178,0.08954994253048178,very_weak_negative,Step 20 actual digital-twin state dataset
State-feature Spearman correlation,dt_base_resilience,dt_route_pressure,-0.04124700110637146,0.04124700110637146,very_weak_negative,Step 20 actual digital-twin state dataset
State-feature Spearman correlation,dt_base_resilience,dt_profit_proxy,-0.020748700254670654,0.020748700254670654,very_weak_negative,Step 20 actual digital-twin state dataset
State-feature Spearman correlation,dt_base_resilience,dt_payment_pressure,-0.013367435382083313,0.013367435382083313,very_weak_negative,Step 20 actual digital-twin state dataset
State-feature Spearman correlation,dt_base_risk,dt_state_pressure_index,0.9653228307468272,0.9653228307468272,strong_positive,Step 20 actual digital-twin state dataset
State-feature Spearman correlation,dt_base_risk,dt_risk_delay_pressure,0.9110379014558924,0.9110379014558924,strong_positive,Step 20 actual digital-twin state dataset
State-feature Spearman correlation,dt_base_risk,dt_base_service,-0.8443320670450934,0.8443320670450934,strong_negative,Step 20 actual digital-twin state dataset
State-feature Spearman correlation,dt_base_risk,dt_service_gap,0.8443320670249914,0.8443320670249914,strong_positive,Step 20 actual digital-twin state dataset
State-feature Spearman correlation,dt_base_risk,dt_profit_proxy,-0.8114939460625022,0.8114939460625022,strong_negative,Step 20 actual digital-twin state dataset
State-feature Spearman correlation,dt_base_risk,dt_high_pressure_flag,0.800256193025834,0.800256193025834,strong_positive,Step 20 actual digital-twin state dataset
State-feature Spearman correlation,dt_base_risk,dt_service_pressure,0.7949747318605778,0.7949747318605778,strong_positive,Step 20 actual digital-twin state dataset
State-feature Spearman correlation,dt_base_risk,dt_low_pressure_flag,-0.7743830076946736,0.7743830076946736,strong_negative,Step 20 actual digital-twin state dataset
State-feature Spearman correlation,dt_base_risk,dt_base_delay,0.6378716762802118,0.6378716762802118,moderate_positive,Step 20 actual digital-twin state dataset
State-feature Spearman correlation,dt_base_risk,dt_resilience_pressure,0.5412448665242166,0.5412448665242166,moderate_positive,Step 20 actual digital-twin state dataset
State-feature Spearman correlation,dt_base_risk,dt_entity_graph_risk,0.44990497631800647,0.44990497631800647,moderate_positive,Step 20 actual digital-twin state dataset
State-feature Spearman correlation,dt_base_risk,dt_delivery_pressure,0.4383970906852459,0.4383970906852459,moderate_positive,Step 20 actual digital-twin state dataset
State-feature Spearman correlation,dt_base_risk,dt_cost_graph_pressure,0.4136138049329813,0.4136138049329813,moderate_positive,Step 20 actual digital-twin state dataset
State-feature Spearman correlation,dt_base_risk,dt_freight_pressure,0.40944275077825626,0.40944275077825626,moderate_positive,Step 20 actual digital-twin state dataset
State-feature Spearman correlation,dt_base_risk,dt_base_cost,0.3989840568420382,0.3989840568420382,weak_positive,Step 20 actual digital-twin state dataset
State-feature Spearman correlation,dt_base_risk,dt_delay_service_graph,0.34780077967903394,0.34780077967903394,weak_positive,Step 20 actual digital-twin state dataset
State-feature Spearman correlation,dt_base_risk,dt_distance_pressure,0.3358539752499083,0.3358539752499083,weak_positive,Step 20 actual digital-twin state dataset
State-feature Spearman correlation,dt_base_risk,dt_demand_pressure,0.3107522782785869,0.3107522782785869,weak_positive,Step 20 actual digital-twin state dataset
State-feature Spearman correlation,dt_base_risk,dt_base_resilience,-0.29281816729602295,0.29281816729602295,weak_negative,Step 20 actual digital-twin state dataset
State-feature Spearman correlation,dt_base_risk,dt_resilience_gap,0.29281816729602295,0.29281816729602295,weak_positive,Step 20 actual digital-twin state dataset
State-feature Spearman correlation,dt_base_risk,dt_status_pressure,0.25134660602261616,0.25134660602261616,weak_positive,Step 20 actual digital-twin state dataset
State-feature Spearman correlation,dt_base_risk,dt_seller_pressure,0.2474026916137511,0.2474026916137511,weak_positive,Step 20 actual digital-twin state dataset
State-feature Spearman correlation,dt_base_risk,dt_route_pressure,0.21858598732321882,0.21858598732321882,weak_positive,Step 20 actual digital-twin state dataset
State-feature Spearman correlation,dt_base_risk,dt_structural_exposure,-0.20986482048359936,0.20986482048359936,weak_negative,Step 20 actual digital-twin state dataset
State-feature Spearman correlation,dt_base_risk,dt_coordination_opportunity,0.20733459634280185,0.20733459634280185,weak_positive,Step 20 actual digital-twin state dataset
State-feature Spearman correlation,dt_base_risk,dt_cost_sensitivity,0.1700882319584685,0.1700882319584685,very_weak_positive,Step 20 actual digital-twin state dataset
State-feature Spearman correlation,dt_base_risk,dt_order_complexity,0.1336762666933956,0.1336762666933956,very_weak_positive,Step 20 actual digital-twin state dataset
State-feature Spearman correlation,dt_base_risk,dt_graph_context,0.11943296690683144,0.11943296690683144,very_weak_positive,Step 20 actual digital-twin state dataset
State-feature Spearman correlation,dt_base_risk,dt_payment_pressure,0.09856519467225364,0.09856519467225364,very_weak_positive,Step 20 actual digital-twin state dataset
State-feature Spearman correlation,dt_base_risk,dt_value_pressure,0.039269943243389026,0.039269943243389026,very_weak_positive,Step 20 actual digital-twin state dataset
State-feature Spearman correlation,dt_base_service,dt_service_gap,-0.999999999999998,0.999999999999998,strong_negative,Step 20 actual digital-twin state dataset
State-feature Spearman correlation,dt_base_service,dt_service_pressure,-0.896170573103707,0.896170573103707,strong_negative,Step 20 actual digital-twin state dataset
State-feature Spearman correlation,dt_base_service,dt_base_risk,-0.8443320670450934,0.8443320670450934,strong_negative,Step 20 actual digital-twin state dataset
State-feature Spearman correlation,dt_base_service,dt_state_pressure_index,-0.7786396350284164,0.7786396350284164,strong_negative,Step 20 actual digital-twin state dataset
State-feature Spearman correlation,dt_base_service,dt_high_pressure_flag,-0.7035806597677268,0.7035806597677268,strong_negative,Step 20 actual digital-twin state dataset
State-feature Spearman correlation,dt_base_service,dt_resilience_pressure,-0.7024783173831031,0.7024783173831031,strong_negative,Step 20 actual digital-twin state dataset
State-feature Spearman correlation,dt_base_service,dt_risk_delay_pressure,-0.6671754001833283,0.6671754001833283,moderate_negative,Step 20 actual digital-twin state dataset
State-feature Spearman correlation,dt_base_service,dt_profit_proxy,0.6042628815032458,0.6042628815032458,moderate_positive,Step 20 actual digital-twin state dataset
State-feature Spearman correlation,dt_base_service,dt_low_pressure_flag,0.5559523178903656,0.5559523178903656,moderate_positive,Step 20 actual digital-twin state dataset
State-feature Spearman correlation,dt_base_service,dt_delay_service_graph,-0.4713423544572786,0.4713423544572786,moderate_negative,Step 20 actual digital-twin state dataset
State-feature Spearman correlation,dt_base_service,dt_delivery_pressure,-0.4139981374181658,0.4139981374181658,moderate_negative,Step 20 actual digital-twin state dataset
State-feature Spearman correlation,dt_base_service,dt_entity_graph_risk,-0.400402011571059,0.400402011571059,moderate_negative,Step 20 actual digital-twin state dataset
State-feature Spearman correlation,dt_base_service,dt_coordination_opportunity,-0.36743918309278384,0.36743918309278384,weak_negative,Step 20 actual digital-twin state dataset
State-feature Spearman correlation,dt_base_service,dt_base_resilience,0.3522613582278304,0.3522613582278304,weak_positive,Step 20 actual digital-twin state dataset
State-feature Spearman correlation,dt_base_service,dt_resilience_gap,-0.3522613582278304,0.3522613582278304,weak_negative,Step 20 actual digital-twin state dataset
State-feature Spearman correlation,dt_base_service,dt_base_delay,-0.34541304079686286,0.34541304079686286,weak_negative,Step 20 actual digital-twin state dataset
State-feature Spearman correlation,dt_base_service,dt_seller_pressure,-0.3351619300606419,0.3351619300606419,weak_negative,Step 20 actual digital-twin state dataset
State-feature Spearman correlation,dt_base_service,dt_route_pressure,-0.24490759426578956,0.24490759426578956,weak_negative,Step 20 actual digital-twin state dataset
State-feature Spearman correlation,dt_base_service,dt_status_pressure,-0.24331750104904062,0.24331750104904062,weak_negative,Step 20 actual digital-twin state dataset
State-feature Spearman correlation,dt_base_service,dt_graph_context,-0.19592956933595898,0.19592956933595898,very_weak_negative,Step 20 actual digital-twin state dataset
State-feature Spearman correlation,dt_base_service,dt_order_complexity,-0.13293479760187438,0.13293479760187438,very_weak_negative,Step 20 actual digital-twin state dataset
State-feature Spearman correlation,dt_base_service,dt_base_cost,-0.09497863308749753,0.09497863308749753,very_weak_negative,Step 20 actual digital-twin state dataset
State-feature Spearman correlation,dt_base_service,dt_cost_graph_pressure,-0.09484138920968992,0.09484138920968992,very_weak_negative,Step 20 actual digital-twin state dataset
State-feature Spearman correlation,dt_base_service,dt_freight_pressure,-0.09410892276794691,0.09410892276794691,very_weak_negative,Step 20 actual digital-twin state dataset
State-feature Spearman correlation,dt_base_service,dt_distance_pressure,-0.0883170748899946,0.0883170748899946,very_weak_negative,Step 20 actual digital-twin state dataset
State-feature Spearman correlation,dt_base_service,dt_demand_pressure,-0.08380242928171103,0.08380242928171103,very_weak_negative,Step 20 actual digital-twin state dataset
State-feature Spearman correlation,dt_base_service,dt_structural_exposure,0.045703410850242286,0.045703410850242286,very_weak_positive,Step 20 actual digital-twin state dataset
State-feature Spearman correlation,dt_base_service,dt_cost_sensitivity,0.04165141054597715,0.04165141054597715,very_weak_positive,Step 20 actual digital-twin state dataset
State-feature Spearman correlation,dt_base_service,dt_payment_pressure,-0.028786864810802094,0.028786864810802094,very_weak_negative,Step 20 actual digital-twin state dataset
State-feature Spearman correlation,dt_base_service,dt_value_pressure,-0.009183398367608852,0.009183398367608852,very_weak_negative,Step 20 actual digital-twin state dataset
State-feature Spearman correlation,dt_coordination_opportunity,dt_base_resilience,-0.9344628903213821,0.9344628903213821,strong_negative,Step 20 actual digital-twin state dataset
State-feature Spearman correlation,dt_coordination_opportunity,dt_resilience_gap,0.9344628903213821,0.9344628903213821,strong_positive,Step 20 actual digital-twin state dataset
State-feature Spearman correlation,dt_coordination_opportunity,dt_graph_context,0.8662159297128574,0.8662159297128574,strong_positive,Step 20 actual digital-twin state dataset
State-feature Spearman correlation,dt_coordination_opportunity,dt_structural_exposure,0.856406957604558,0.856406957604558,strong_positive,Step 20 actual digital-twin state dataset
State-feature Spearman correlation,dt_coordination_opportunity,dt_resilience_pressure,0.794769281245669,0.794769281245669,strong_positive,Step 20 actual digital-twin state dataset
State-feature Spearman correlation,dt_coordination_opportunity,dt_distance_pressure,-0.5466804984675282,0.5466804984675282,moderate_negative,Step 20 actual digital-twin state dataset
State-feature Spearman correlation,dt_coordination_opportunity,dt_base_cost,-0.4969591622413301,0.4969591622413301,moderate_negative,Step 20 actual digital-twin state dataset
State-feature Spearman correlation,dt_coordination_opportunity,dt_cost_graph_pressure,-0.4638801486336451,0.4638801486336451,moderate_negative,Step 20 actual digital-twin state dataset
State-feature Spearman correlation,dt_coordination_opportunity,dt_freight_pressure,-0.4496201043610038,0.4496201043610038,moderate_negative,Step 20 actual digital-twin state dataset
State-feature Spearman correlation,dt_coordination_opportunity,dt_cost_sensitivity,-0.42522945345534324,0.42522945345534324,moderate_negative,Step 20 actual digital-twin state dataset
State-feature Spearman correlation,dt_coordination_opportunity,dt_base_service,-0.3674391830927839,0.3674391830927839,weak_negative,Step 20 actual digital-twin state dataset
State-feature Spearman correlation,dt_coordination_opportunity,dt_service_gap,0.3674391830871169,0.3674391830871169,weak_positive,Step 20 actual digital-twin state dataset
State-feature Spearman correlation,dt_coordination_opportunity,dt_seller_pressure,0.31163539311641275,0.31163539311641275,weak_positive,Step 20 actual digital-twin state dataset
State-feature Spearman correlation,dt_coordination_opportunity,dt_service_pressure,0.30991775566619695,0.30991775566619695,weak_positive,Step 20 actual digital-twin state dataset
State-feature Spearman correlation,dt_coordination_opportunity,dt_delay_service_graph,0.28795828423527253,0.28795828423527253,weak_positive,Step 20 actual digital-twin state dataset
State-feature Spearman correlation,dt_coordination_opportunity,dt_demand_pressure,0.2625319691977751,0.2625319691977751,weak_positive,Step 20 actual digital-twin state dataset
State-feature Spearman correlation,dt_coordination_opportunity,dt_state_pressure_index,0.24686239864735254,0.24686239864735254,weak_positive,Step 20 actual digital-twin state dataset
State-feature Spearman correlation,dt_coordination_opportunity,dt_high_pressure_flag,0.23389380133288296,0.23389380133288296,weak_positive,Step 20 actual digital-twin state dataset
State-feature Spearman correlation,dt_coordination_opportunity,dt_base_risk,0.20733459634280185,0.20733459634280185,weak_positive,Step 20 actual digital-twin state dataset
State-feature Spearman correlation,dt_coordination_opportunity,dt_delivery_pressure,0.1902148508736816,0.1902148508736816,very_weak_positive,Step 20 actual digital-twin state dataset
State-feature Spearman correlation,dt_coordination_opportunity,dt_entity_graph_risk,0.18599870564888596,0.18599870564888596,very_weak_positive,Step 20 actual digital-twin state dataset
State-feature Spearman correlation,dt_coordination_opportunity,dt_value_pressure,-0.14714131365051583,0.14714131365051583,very_weak_negative,Step 20 actual digital-twin state dataset
State-feature Spearman correlation,dt_coordination_opportunity,dt_low_pressure_flag,-0.1300168481792077,0.1300168481792077,very_weak_negative,Step 20 actual digital-twin state dataset
State-feature Spearman correlation,dt_coordination_opportunity,dt_status_pressure,0.12048234869107094,0.12048234869107094,very_weak_positive,Step 20 actual digital-twin state dataset
State-feature Spearman correlation,dt_coordination_opportunity,dt_order_complexity,0.10103591812623738,0.10103591812623738,very_weak_positive,Step 20 actual digital-twin state dataset
State-feature Spearman correlation,dt_coordination_opportunity,dt_base_delay,-0.09963775835436714,0.09963775835436714,very_weak_negative,Step 20 actual digital-twin state dataset
State-feature Spearman correlation,dt_coordination_opportunity,dt_risk_delay_pressure,0.07045964842727437,0.07045964842727437,very_weak_positive,Step 20 actual digital-twin state dataset
State-feature Spearman correlation,dt_coordination_opportunity,dt_profit_proxy,0.061179451098529083,0.061179451098529083,very_weak_positive,Step 20 actual digital-twin state dataset
State-feature Spearman correlation,dt_coordination_opportunity,dt_route_pressure,0.030552555301979503,0.030552555301979503,very_weak_positive,Step 20 actual digital-twin state dataset
State-feature Spearman correlation,dt_coordination_opportunity,dt_payment_pressure,0.01979963046610675,0.01979963046610675,very_weak_positive,Step 20 actual digital-twin state dataset
State-feature Spearman correlation,dt_profit_proxy,dt_state_pressure_index,-0.8691561404617468,0.8691561404617468,strong_negative,Step 20 actual digital-twin state dataset
State-feature Spearman correlation,dt_profit_proxy,dt_base_risk,-0.8114939460625022,0.8114939460625022,strong_negative,Step 20 actual digital-twin state dataset
State-feature Spearman correlation,dt_profit_proxy,dt_risk_delay_pressure,-0.8112839400971751,0.8112839400971751,strong_negative,Step 20 actual digital-twin state dataset
State-feature Spearman correlation,dt_profit_proxy,dt_base_cost,-0.745049572265193,0.745049572265193,strong_negative,Step 20 actual digital-twin state dataset
State-feature Spearman correlation,dt_profit_proxy,dt_high_pressure_flag,-0.7179580897719501,0.7179580897719501,strong_negative,Step 20 actual digital-twin state dataset
State-feature Spearman correlation,dt_profit_proxy,dt_low_pressure_flag,0.6843967738037859,0.6843967738037859,moderate_positive,Step 20 actual digital-twin state dataset
State-feature Spearman correlation,dt_profit_proxy,dt_cost_graph_pressure,-0.6717126013846499,0.6717126013846499,moderate_negative,Step 20 actual digital-twin state dataset
State-feature Spearman correlation,dt_profit_proxy,dt_base_delay,-0.6420737169602123,0.6420737169602123,moderate_negative,Step 20 actual digital-twin state dataset
State-feature Spearman correlation,dt_profit_proxy,dt_freight_pressure,-0.6326830791956831,0.6326830791956831,moderate_negative,Step 20 actual digital-twin state dataset
State-feature Spearman correlation,dt_profit_proxy,dt_cost_sensitivity,-0.6187413863987915,0.6187413863987915,moderate_negative,Step 20 actual digital-twin state dataset
State-feature Spearman correlation,dt_profit_proxy,dt_base_service,0.6042628815032458,0.6042628815032458,moderate_positive,Step 20 actual digital-twin state dataset
State-feature Spearman correlation,dt_profit_proxy,dt_service_gap,-0.604262881498422,0.604262881498422,moderate_negative,Step 20 actual digital-twin state dataset
State-feature Spearman correlation,dt_profit_proxy,dt_distance_pressure,-0.5980737540257591,0.5980737540257591,moderate_negative,Step 20 actual digital-twin state dataset
State-feature Spearman correlation,dt_profit_proxy,dt_service_pressure,-0.586966321959837,0.586966321959837,moderate_negative,Step 20 actual digital-twin state dataset
State-feature Spearman correlation,dt_profit_proxy,dt_structural_exposure,0.4142418069052581,0.4142418069052581,moderate_positive,Step 20 actual digital-twin state dataset
State-feature Spearman correlation,dt_profit_proxy,dt_value_pressure,-0.39340831920596386,0.39340831920596386,weak_negative,Step 20 actual digital-twin state dataset
State-feature Spearman correlation,dt_profit_proxy,dt_entity_graph_risk,-0.3723656499003607,0.3723656499003607,weak_negative,Step 20 actual digital-twin state dataset
State-feature Spearman correlation,dt_profit_proxy,dt_delivery_pressure,-0.3652518494565401,0.3652518494565401,weak_negative,Step 20 actual digital-twin state dataset
State-feature Spearman correlation,dt_profit_proxy,dt_payment_pressure,-0.2690534870794344,0.2690534870794344,weak_negative,Step 20 actual digital-twin state dataset
State-feature Spearman correlation,dt_profit_proxy,dt_resilience_pressure,-0.25996690115585974,0.25996690115585974,weak_negative,Step 20 actual digital-twin state dataset
State-feature Spearman correlation,dt_profit_proxy,dt_delay_service_graph,-0.24979294748946856,0.24979294748946856,weak_negative,Step 20 actual digital-twin state dataset
State-feature Spearman correlation,dt_profit_proxy,dt_status_pressure,-0.23616222862132089,0.23616222862132089,weak_negative,Step 20 actual digital-twin state dataset
State-feature Spearman correlation,dt_profit_proxy,dt_route_pressure,-0.21831708913777453,0.21831708913777453,weak_negative,Step 20 actual digital-twin state dataset
State-feature Spearman correlation,dt_profit_proxy,dt_seller_pressure,-0.12170870439027284,0.12170870439027284,very_weak_negative,Step 20 actual digital-twin state dataset
State-feature Spearman correlation,dt_profit_proxy,dt_demand_pressure,-0.07909401996173133,0.07909401996173133,very_weak_negative,Step 20 actual digital-twin state dataset
State-feature Spearman correlation,dt_profit_proxy,dt_coordination_opportunity,0.061179451098529083,0.061179451098529083,very_weak_positive,Step 20 actual digital-twin state dataset
State-feature Spearman correlation,dt_profit_proxy,dt_order_complexity,-0.06086150913026389,0.06086150913026389,very_weak_negative,Step 20 actual digital-twin state dataset
State-feature Spearman correlation,dt_profit_proxy,dt_graph_context,0.04972184404866233,0.04972184404866233,very_weak_positive,Step 20 actual digital-twin state dataset
State-feature Spearman correlation,dt_profit_proxy,dt_base_resilience,-0.020748700254670654,0.020748700254670654,very_weak_negative,Step 20 actual digital-twin state dataset
State-feature Spearman correlation,dt_profit_proxy,dt_resilience_gap,0.020748700254670654,0.020748700254670654,very_weak_positive,Step 20 actual digital-twin state dataset
State-feature Spearman correlation,dt_state_pressure_index,dt_base_risk,0.9653228307468272,0.9653228307468272,strong_positive,Step 20 actual digital-twin state dataset
State-feature Spearman correlation,dt_state_pressure_index,dt_risk_delay_pressure,0.9414140402377894,0.9414140402377894,strong_positive,Step 20 actual digital-twin state dataset
State-feature Spearman correlation,dt_state_pressure_index,dt_profit_proxy,-0.8691561404617468,0.8691561404617468,strong_negative,Step 20 actual digital-twin state dataset
State-feature Spearman correlation,dt_state_pressure_index,dt_high_pressure_flag,0.8204876599029687,0.8204876599029687,strong_positive,Step 20 actual digital-twin state dataset
State-feature Spearman correlation,dt_state_pressure_index,dt_low_pressure_flag,-0.8144350970397247,0.8144350970397247,strong_negative,Step 20 actual digital-twin state dataset
State-feature Spearman correlation,dt_state_pressure_index,dt_base_service,-0.7786396350284163,0.7786396350284163,strong_negative,Step 20 actual digital-twin state dataset
State-feature Spearman correlation,dt_state_pressure_index,dt_service_gap,0.7786396349996263,0.7786396349996263,strong_positive,Step 20 actual digital-twin state dataset
State-feature Spearman correlation,dt_state_pressure_index,dt_base_delay,0.717044976325804,0.717044976325804,strong_positive,Step 20 actual digital-twin state dataset
State-feature Spearman correlation,dt_state_pressure_index,dt_service_pressure,0.7146468455729501,0.7146468455729501,strong_positive,Step 20 actual digital-twin state dataset
State-feature Spearman correlation,dt_state_pressure_index,dt_resilience_pressure,0.5232890488345109,0.5232890488345109,moderate_positive,Step 20 actual digital-twin state dataset
State-feature Spearman correlation,dt_state_pressure_index,dt_entity_graph_risk,0.4897432647293099,0.4897432647293099,moderate_positive,Step 20 actual digital-twin state dataset
State-feature Spearman correlation,dt_state_pressure_index,dt_base_cost,0.48440395485888577,0.48440395485888577,moderate_positive,Step 20 actual digital-twin state dataset
State-feature Spearman correlation,dt_state_pressure_index,dt_cost_graph_pressure,0.4713766638558964,0.4713766638558964,moderate_positive,Step 20 actual digital-twin state dataset
State-feature Spearman correlation,dt_state_pressure_index,dt_freight_pressure,0.4585324719098811,0.4585324719098811,moderate_positive,Step 20 actual digital-twin state dataset
State-feature Spearman correlation,dt_state_pressure_index,dt_distance_pressure,0.4282757108594228,0.4282757108594228,moderate_positive,Step 20 actual digital-twin state dataset
State-feature Spearman correlation,dt_state_pressure_index,dt_delivery_pressure,0.4220140414693139,0.4220140414693139,moderate_positive,Step 20 actual digital-twin state dataset
State-feature Spearman correlation,dt_state_pressure_index,dt_delay_service_graph,0.37728991042203,0.37728991042203,weak_positive,Step 20 actual digital-twin state dataset
State-feature Spearman correlation,dt_state_pressure_index,dt_demand_pressure,0.3356502343487495,0.3356502343487495,weak_positive,Step 20 actual digital-twin state dataset
State-feature Spearman correlation,dt_state_pressure_index,dt_base_resilience,-0.32627975718663316,0.32627975718663316,weak_negative,Step 20 actual digital-twin state dataset
State-feature Spearman correlation,dt_state_pressure_index,dt_resilience_gap,0.32627975718663316,0.32627975718663316,weak_positive,Step 20 actual digital-twin state dataset
State-feature Spearman correlation,dt_state_pressure_index,dt_cost_sensitivity,0.2738207341280777,0.2738207341280777,weak_positive,Step 20 actual digital-twin state dataset
State-feature Spearman correlation,dt_state_pressure_index,dt_route_pressure,0.25638020780737053,0.25638020780737053,weak_positive,Step 20 actual digital-twin state dataset
State-feature Spearman correlation,dt_state_pressure_index,dt_status_pressure,0.24840147398530063,0.24840147398530063,weak_positive,Step 20 actual digital-twin state dataset
State-feature Spearman correlation,dt_state_pressure_index,dt_coordination_opportunity,0.24686239864735254,0.24686239864735254,weak_positive,Step 20 actual digital-twin state dataset
State-feature Spearman correlation,dt_state_pressure_index,dt_seller_pressure,0.2455830123956551,0.2455830123956551,weak_positive,Step 20 actual digital-twin state dataset
State-feature Spearman correlation,dt_state_pressure_index,dt_graph_context,0.20607003410950647,0.20607003410950647,weak_positive,Step 20 actual digital-twin state dataset
State-feature Spearman correlation,dt_state_pressure_index,dt_structural_exposure,-0.16172332302665735,0.16172332302665735,very_weak_negative,Step 20 actual digital-twin state dataset
State-feature Spearman correlation,dt_state_pressure_index,dt_payment_pressure,0.15527118932736697,0.15527118932736697,very_weak_positive,Step 20 actual digital-twin state dataset
State-feature Spearman correlation,dt_state_pressure_index,dt_order_complexity,0.1228978418399062,0.1228978418399062,very_weak_positive,Step 20 actual digital-twin state dataset
State-feature Spearman correlation,dt_state_pressure_index,dt_value_pressure,0.11775082128401344,0.11775082128401344,very_weak_positive,Step 20 actual digital-twin state dataset
